Algeria - Algiers
Angola - Luanda
Benin - Porto Novo, Cotonou
Botswana - Gaborone
Burkina Faso - Ouagadougou
Burundi - Gitega
Cameroon (also spelled Cameroun) - Yaoundé
Cape Verde - Praia
Central African Republic - Bangui
Chad (Tchad) - N'Djamena
Comoros - Moroni
Republic of the Congo - Brazzaville
Democratic Republic of the Congo (Zaire) - Kinshasa
Côte d'Ivoire (Ivory Coast) - Yamoussoukro
Djibouti - Djibouti
Egypt (Misr) - Cairo
Equatorial Guinea - Malabo
Eritrea - Asmara
Ethiopia (Abyssinia) - Addis Ababa
Gabon - Libreville
The Gambia - Banjul
Ghana - Accra
Guinea - Conakry
Guinea-Bissau - Bissau
Kenya - Nairobi
Lesotho - Maseru
Liberia - Monrovia
Libya - Tripoli
Madagascar - Antananarivo
Malawi - Lilongwe
Mali - Bamako
Mauritania - Nouakchott
Mauritius - Port Louis
Morocco (Al Maghrib) - Rabat
Mozambique - Maputo
Namibia - Windhoek
Niger - Niamey
Nigeria - Abuja
Rwanda - Kigali
São Tomé and Príncipe - São Tomé
Senegal - Dakar
Seychelles - Victoria, Seychelles
Sierra Leone - Freetown
Somalia - Mogadishu
South Africa - Pretoria
South Sudan - Juba
Sudan - Khartoum
Swaziland (Eswatini) - Mbabane
Tanzania - Dodoma
Togo - Lome
Tunisia - Tunis
Uganda - Kampala
Western Sahara - El Aaiún (disputed)
Zambia - Lusaka
Zimbabwe - Harare
